match_id,match_date,kick_off,home_score,away_score,match_status,match_status_360,last_updated,last_updated_360,match_week,competition_id,competition_country_name,competition_name,competition,season_id,season,home_team_id,home_team,home_team_gender,home_team_group,home_team_country_id,home_team_country_name,away_team_id,away_team,away_team_gender,away_team_group,away_team_country_id,away_team_country_name,competition_stage_id,competition_stage,stadium_id,stadium,stadium_country_id,stadium_country_name,referee_id,referee,referee_country_id,referee_country_name,home_managers,away_managers,home_manager_id,home_manager_name,home_manager_nickname,home_manager_dob,home_manager_country_id,home_manager_country_name,away_manager_id,away_manager_name,away_manager_nickname,away_manager_dob,away_manager_country_id,away_manager_country_name,data_version,shot_fidelity_version,xy_fidelity_version
3857276,2022-12-01,15:00:00.000,1,2,available,available,2026-05-04T01:46:04.664252,2026-05-04T01:50:33.318123,3,43,International,FIFA World Cup,International - FIFA World Cup,106,2022,1833,Canada,male,F,40,Canada,788,Morocco,male,,154,Morocco,10,Group Stage,1000838,Al Thumama Stadium,185,Qatar,2638.0,Raphael Claus,31.0,Brazil,John Herdman,Walid Regragui,4435,John Herdman,,1975-07-19,68,England,1000518,Walid Regragui,,1975-09-23,154,Morocco,1.1.0,2,2
3857271,2022-11-21,13:00:00.000,6,2,available,available,2026-05-04T01:40:47.671394,2026-05-04T01:43:30.216315,1,43,International,FIFA World Cup,International - FIFA World Cup,106,2022,768,England,male,B,68,England,797,Iran,male,B,107,"Iran, Islamic Republic of",10,Group Stage,1000253,Sheikh Khalifa International Stadium,185,Qatar,2638.0,Raphael Claus,31.0,Brazil,Gareth Southgate,Carlos Manuel Brito Leal Queiróz,277,Gareth Southgate,,1970-09-03,68,England,645,Carlos Manuel Brito Leal Queiróz,Carlos Queiroz,1953-03-01,183,Portugal,1.1.0,2,2
3857296,2022-12-01,15:00:00.000,0,0,available,available,2026-05-04T01:44:02.255386,2026-05-04T01:50:06.343225,3,43,International,FIFA World Cup,International - FIFA World Cup,106,2022,785,Croatia,male,F,56,Croatia,782,Belgium,male,F,22,Belgium,10,Group Stage,1000793,Ahmad bin Ali Stadium,185,Qatar,8.0,Anthony Taylor,68.0,England,Zlatko Dalić,Roberto Martínez Montoliú,307,Zlatko Dalić,,1966-10-26,56,Croatia,263,Roberto Martínez Montoliú,Roberto Martínez,1973-07-13,214,Spain,1.1.0,2,2
3857274,2022-11-25,16:00:00.000,1,1,available,available,2026-05-04T01:43:00.444702,2026-05-04T01:50:07.646458,2,43,International,FIFA World Cup,International - FIFA World Cup,106,2022,941,Netherlands,male,A,160,Netherlands,3565,Ecuador,male,A,65,Ecuador,10,Group Stage,1000253,Sheikh Khalifa International Stadium,185,Qatar,2311.0,Mustapha Ghorbal,4.0,Algeria,Louis van Gaal,Gustavo Julio Alfaro,788,Louis van Gaal,,1951-08-08,160,Netherlands,2881,Gustavo Julio Alfaro,Gustavo Alfaro,1962-08-14,11,Argentina,1.1.0,2,2
3857255,2022-12-01,19:00:00.000,2,1,available,available,2026-05-04T01:42:55.630428,2026-05-04T01:49:36.594944,3,43,International,FIFA World Cup,International - FIFA World Cup,106,2022,778,Japan,male,E,114,Japan,772,Spain,male,E,214,Spain,10,Group Stage,1000253,Sheikh Khalifa International Stadium,185,Qatar,2366.0,Victor Miguel de Freitas Gomes,211.0,South Africa,Hajime Moriyasu,Luis Enrique Martínez García,5699,Hajime Moriyasu,,1968-08-23,114,Japan,793,Luis Enrique Martínez García,Luis Enrique,1970-05-08,214,Spain,1.1.0,2,2
3857272,2022-11-25,19:00:00.000,0,0,available,available,2026-05-04T01:42:01.934187,2026-05-04T01:45:01.745587,2,43,International,FIFA World Cup,International - FIFA World Cup,106,2022,768,England,male,B,68,England,1839,United States,male,B,241,United States of America,10,Group Stage,1001113,Al Bayt Stadium,185,Qatar,1847.0,Jesús Valenzuela Sáez,246.0,Venezuela (Bolivarian Republic),Gareth Southgate,Gregg Berhalter,277,Gareth Southgate,,1970-09-03,68,England,93,Gregg Berhalter,,1973-08-01,241,United States of America,1.1.0,2,2
3857278,2022-11-29,19:00:00.000,0,1,available,available,2026-05-04T01:40:40.663357,2026-05-04T01:44:19.687513,3,43,International,FIFA World Cup,International - FIFA World Cup,106,2022,797,Iran,male,B,107,"Iran, Islamic Republic of",1839,United States,male,B,241,United States of America,10,Group Stage,1000838,Al Thumama Stadium,185,Qatar,180.0,Antonio Miguel Mateu Lahoz,214.0,Spain,Carlos Manuel Brito Leal Queiróz,Gregg Berhalter,645,Carlos Manuel Brito Leal Queiróz,Carlos Queiroz,1953-03-01,183,Portugal,93,Gregg Berhalter,,1973-08-01,241,United States of America,1.1.0,2,2
3857277,2022-11-23,10:00:00.000,0,0,available,available,2026-05-04T01:40:05.637036,2026-05-04T01:46:30.388595,1,43,International,FIFA World Cup,International - FIFA World Cup,106,2022,788,Morocco,male,,154,Morocco,785,Croatia,male,F,56,Croatia,10,Group Stage,1001113,Al Bayt Stadium,185,Qatar,1121.0,Fernando Andrés Rapallini,11.0,Argentina,Walid Regragui,Zlatko Dalić,1000518,Walid Regragui,,1975-09-23,154,Morocco,307,Zlatko Dalić,,1966-10-26,56,Croatia,1.1.0,2,2
3857273,2022-11-25,10:00:00.000,0,2,available,available,2026-05-03T16:13:23.239106,2026-05-03T16:15:22.543697,2,43,International,FIFA World Cup,International - FIFA World Cup,106,2022,907,Wales,male,B,249,Wales,797,Iran,male,B,107,"Iran, Islamic Republic of",10,Group Stage,1000793,Ahmad bin Ali Stadium,185,Qatar,1835.0,Mario Alberto Escobar Toca,93.0,Guatemala,Robert Page,Carlos Manuel Brito Leal Queiróz,1000471,Robert Page,,1974-09-03,249,Wales,645,Carlos Manuel Brito Leal Queiróz,Carlos Queiroz,1953-03-01,183,Portugal,1.1.0,2,2
3857275,2022-11-30,15:00:00.000,1,0,available,available,2026-05-03T16:12:47.832747,2026-05-03T16:15:48.111812,3,43,International,FIFA World Cup,International - FIFA World Cup,106,2022,777,Tunisia,male,D,232,Tunisia,771,France,male,D,78,France,10,Group Stage,94425,Education City Stadium ,185,Qatar,739.0,Matthew Conger,163.0,New Zealand,Jalel Kadri,Didier Deschamps,1001303,Jalel Kadri,,,232,Tunisia,545,Didier Deschamps,,1968-10-15,78,France,1.1.0,2,2
3857261,2022-11-29,19:00:00.000,0,3,available,available,2026-05-03T16:09:55.338260,2026-05-03T16:11:27.929788,3,43,International,FIFA World Cup,International - FIFA World Cup,106,2022,907,Wales,male,B,249,Wales,768,England,male,B,68,England,10,Group Stage,1000793,Ahmad bin Ali Stadium,185,Qatar,943.0,Slavko Vinčić,208.0,Slovenia,Robert Page,Gareth Southgate,1000471,Robert Page,,1974-09-03,249,Wales,277,Gareth Southgate,,1970-09-03,68,England,1.1.0,2,2
3857290,2022-11-24,10:00:00.000,1,0,available,available,2026-05-03T16:09:36.189321,2026-05-03T16:11:26.531423,1,43,International,FIFA World Cup,International - FIFA World Cup,106,2022,773,Switzerland,male,G,221,Switzerland,2722,Cameroon,male,G,39,Cameroon,10,Group Stage,117897,Al Janoub Stadium   ,185,Qatar,1094.0,Facundo Tello Figueroa,11.0,Argentina,Murat Yakin,Rigobert Song Bahanag,2832,Murat Yakin,,1974-09-15,221,Switzerland,1001250,Rigobert Song Bahanag,,1976-07-01,39,Cameroon,1.1.0,2,2
3857298,2022-11-24,16:00:00.000,3,2,available,available,2026-05-03T16:11:32.370436,2026-05-03T16:15:48.066604,1,43,International,FIFA World Cup,International - FIFA World Cup,106,2022,780,Portugal,male,H,183,Portugal,4885,Ghana,male,H,86,Ghana,10,Group Stage,1001115,Stadium 974,185,Qatar,438.0,Ismail Elfath,241.0,United States of America,Fernando Manuel Fernandes da Costa Santos,Otto Addo,607,Fernando Manuel Fernandes da Costa Santos,Fernando Santos,1954-10-10,183,Portugal,1001251,Otto Addo,,1975-06-09,86,Ghana,1.1.0,2,2
3857285,2022-11-21,16:00:00.000,0,2,available,available,2026-05-03T16:07:28.656580,2026-05-03T16:13:03.612730,1,43,International,FIFA World Cup,International - FIFA World Cup,106,2022,787,Senegal,male,A,202,Senegal,941,Netherlands,male,A,160,Netherlands,10,Group Stage,1000838,Al Thumama Stadium,185,Qatar,986.0,Wilton Pereira Sampaio,31.0,Brazil,Aliou Cissé,Louis van Gaal,635,Aliou Cissé,,1976-03-24,202,Senegal,788,Louis van Gaal,,1951-08-08,160,Netherlands,1.1.0,2,2
3857282,2022-11-21,19:00:00.000,1,1,available,available,2026-05-03T16:06:35.237994,2026-05-03T16:07:47.017684,1,43,International,FIFA World Cup,International - FIFA World Cup,106,2022,1839,United States,male,B,241,United States of America,907,Wales,male,B,249,Wales,10,Group Stage,1000793,Ahmad bin Ali Stadium,185,Qatar,2521.0,Abdulrahman Ibrahim Al Jassim,185.0,Qatar,Gregg Berhalter,Robert Page,93,Gregg Berhalter,,1973-08-01,241,United States of America,1000471,Robert Page,,1974-09-03,249,Wales,1.1.0,2,2
3857297,2022-11-26,13:00:00.000,2,0,available,available,2026-05-03T16:05:12.945735,2026-05-03T16:08:16.963904,2,43,International,FIFA World Cup,International - FIFA World Cup,106,2022,789,Poland,male,C,182,Poland,799,Saudi Arabia,male,C,200,Saudi Arabia,10,Group Stage,94425,Education City Stadium ,185,Qatar,986.0,Wilton Pereira Sampaio,31.0,Brazil,Czesław Michniewicz,Hervé Renard,5294,Czesław Michniewicz,,1970-02-12,182,Poland,642,Hervé Renard,,1968-09-30,78,France,1.1.0,2,2
3857294,2022-11-29,15:00:00.000,2,0,available,available,2026-05-04T01:48:11.663054,2026-05-04T01:51:22.255434,3,43,International,FIFA World Cup,International - FIFA World Cup,106,2022,941,Netherlands,male,A,160,Netherlands,3566,Qatar,male,A,185,Qatar,10,Group Stage,1001113,Al Bayt Stadium,185,Qatar,736.0,Bakary Papa Gassama,83.0,Gambia,Louis van Gaal,Félix Sánchez Bas,788,Louis van Gaal,,1951-08-08,160,Netherlands,5710,Félix Sánchez Bas,Félix Sánchez,1975-12-13,214,Spain,1.1.0,2,2
3857266,2022-11-26,16:00:00.000,2,1,available,available,2026-05-04T01:44:03.946401,2026-05-04T01:49:40.866423,2,43,International,FIFA World Cup,International - FIFA World Cup,106,2022,771,France,male,D,78,France,776,Denmark,male,D,61,Denmark,10,Group Stage,1001115,Stadium 974,185,Qatar,367.0,Szymon Marciniak,182.0,Poland,Didier Deschamps,Kasper Hjulmand,545,Didier Deschamps,,1968-10-15,78,France,255,Kasper Hjulmand,,1972-04-09,61,Denmark,1.1.0,2,2
3857284,2022-11-23,13:00:00.000,1,2,available,available,2026-05-04T01:41:05.435,2026-05-04T01:45:45.818418,1,43,International,FIFA World Cup,International - FIFA World Cup,106,2022,770,Germany,male,E,85,Germany,778,Japan,male,E,114,Japan,10,Group Stage,1000253,Sheikh Khalifa International Stadium,185,Qatar,1834.0,Ivan Arcides Barton Cisneros,67.0,El Salvador,Hans-Dieter Flick,Hajime Moriyasu,3371,Hans-Dieter Flick,,1965-02-24,85,Germany,5699,Hajime Moriyasu,,1968-08-23,114,Japan,1.1.0,2,2
3857254,2022-11-22,13:00:00.000,0,0,available,available,2026-05-04T01:41:55.231447,2026-05-04T01:42:32.134965,1,43,International,FIFA World Cup,International - FIFA World Cup,106,2022,776,Denmark,male,D,61,Denmark,777,Tunisia,male,D,232,Tunisia,10,Group Stage,94425,Education City Stadium ,185,Qatar,740.0,César Arturo Ramos Palazuelos,147.0,Mexico,Kasper Hjulmand,Jalel Kadri,255,Kasper Hjulmand,,1972-04-09,61,Denmark,1001303,Jalel Kadri,,,232,Tunisia,1.1.0,2,2
3857265,2022-11-22,16:00:00.000,0,0,available,available,2026-05-04T01:43:48.794701,2026-05-04T01:51:23.890963,1,43,International,FIFA World Cup,International - FIFA World Cup,106,2022,794,Mexico,male,C,147,Mexico,789,Poland,male,C,182,Poland,10,Group Stage,1001115,Stadium 974,185,Qatar,1701.0,Chris Beath,14.0,Australia,Gerardo Daniel Martino,Czesław Michniewicz,163,Gerardo Daniel Martino,Gerardo Martino,1962-11-20,11,Argentina,5294,Czesław Michniewicz,,1970-02-12,182,Poland,1.1.0,2,2
3857301,2022-11-25,13:00:00.000,1,3,available,available,2026-05-03T16:12:29.804835,2026-05-03T16:14:47.871576,2,43,International,FIFA World Cup,International - FIFA World Cup,106,2022,3566,Qatar,male,A,185,Qatar,787,Senegal,male,A,202,Senegal,10,Group Stage,1000838,Al Thumama Stadium,185,Qatar,180.0,Antonio Miguel Mateu Lahoz,214.0,Spain,Félix Sánchez Bas,Aliou Cissé,5710,Félix Sánchez Bas,Félix Sánchez,1975-12-13,214,Spain,635,Aliou Cissé,,1976-03-24,202,Senegal,1.1.0,2,2
3857268,2022-11-23,19:00:00.000,1,0,available,available,2026-05-03T15:36:23.883803,2026-05-03T15:37:35.137739,1,43,International,FIFA World Cup,International - FIFA World Cup,106,2022,782,Belgium,male,F,22,Belgium,1833,Canada,male,F,40,Canada,10,Group Stage,1000793,Ahmad bin Ali Stadium,185,Qatar,743.0,Janny Sikazwe,253.0,Zambia,Roberto Martínez Montoliú,John Herdman,263,Roberto Martínez Montoliú,Roberto Martínez,1973-07-13,214,Spain,4435,John Herdman,,1975-07-19,68,England,1.1.0,2,2
3857269,2022-11-28,16:00:00.000,1,0,available,available,2026-05-03T15:39:50.454624,2026-05-03T15:42:08.277224,2,43,International,FIFA World Cup,International - FIFA World Cup,106,2022,781,Brazil,male,G,31,Brazil,773,Switzerland,male,G,221,Switzerland,10,Group Stage,1001115,Stadium 974,185,Qatar,1834.0,Ivan Arcides Barton Cisneros,67.0,El Salvador,Adenor Leonardo Bacchi,Murat Yakin,547,Adenor Leonardo Bacchi,Tite,1961-05-25,31,Brazil,2832,Murat Yakin,,1974-09-15,221,Switzerland,1.1.0,2,2
3869321,2022-12-09,19:00:00.000,2,2,available,available,2025-09-04T17:24:28.888436,2025-09-07T08:42:38.594465,5,43,International,FIFA World Cup,International - FIFA World Cup,106,2022,941,Netherlands,male,,160,Netherlands,779,Argentina,male,,11,Argentina,11,Quarter-finals,1001114,Lusail Stadium,185,Qatar,180.0,Antonio Miguel Mateu Lahoz,214.0,Spain,Louis van Gaal,Lionel Sebastián Scaloni,788,Louis van Gaal,,1951-08-08,160,Netherlands,5677,Lionel Sebastián Scaloni,,1978-05-16,11,Argentina,1.1.0,2,2
3857292,2022-12-01,19:00:00.000,2,4,available,available,2026-05-04T01:45:05.896715,2026-05-04T01:50:55.648198,3,43,International,FIFA World Cup,International - FIFA World Cup,106,2022,795,Costa Rica,male,E,54,Costa Rica,770,Germany,male,E,85,Germany,10,Group Stage,1001113,Al Bayt Stadium,185,Qatar,128.0,Stéphanie Frappart,78.0,France,Luis Fernando Suárez Guzman,Hans-Dieter Flick,3094,Luis Fernando Suárez Guzman,Luis Fernando Suárez,1959-12-23,49,Colombia,3371,Hans-Dieter Flick,,1965-02-24,85,Germany,1.1.0,2,2
3857295,2022-11-27,10:00:00.000,0,1,available,available,2026-05-04T01:46:01.531091,2026-05-04T01:48:37.076540,2,43,International,FIFA World Cup,International - FIFA World Cup,106,2022,778,Japan,male,E,114,Japan,795,Costa Rica,male,E,54,Costa Rica,10,Group Stage,1000793,Ahmad bin Ali Stadium,185,Qatar,1.0,Michael Oliver,68.0,England,Hajime Moriyasu,Luis Fernando Suárez Guzman,5699,Hajime Moriyasu,,1968-08-23,114,Japan,3094,Luis Fernando Suárez Guzman,Luis Fernando Suárez,1959-12-23,49,Colombia,1.1.0,2,2
3869685,2022-12-18,17:00:00.000,3,3,available,available,2024-12-16T10:15:11.055845,2024-12-16T10:21:13.710934,7,43,International,FIFA World Cup,International - FIFA World Cup,106,2022,779,Argentina,male,,11,Argentina,771,France,male,,78,France,26,Final,1001114,Lusail Stadium,185,Qatar,367.0,Szymon Marciniak,182.0,Poland,Lionel Sebastián Scaloni,Didier Deschamps,5677,Lionel Sebastián Scaloni,,1978-05-16,11,Argentina,545,Didier Deschamps,,1968-10-15,78,France,1.1.0,2,2
3869684,2022-12-17,17:00:00.000,2,1,available,available,2024-02-13T13:43:25.154307,2024-02-13T13:44:03.865296,7,43,International,FIFA World Cup,International - FIFA World Cup,106,2022,785,Croatia,male,,56,Croatia,788,Morocco,male,,154,Morocco,25,3rd Place Final,1000253,Sheikh Khalifa International Stadium,185,Qatar,2521.0,Abdulrahman Ibrahim Al Jassim,185.0,Qatar,Zlatko Dalić,Walid Regragui,307,Zlatko Dalić,,1966-10-26,56,Croatia,1000518,Walid Regragui,,1975-09-23,154,Morocco,1.1.0,2,2
3857256,2022-12-02,19:00:00.000,2,3,available,available,2026-05-03T16:13:42.681786,2026-05-03T16:15:23.898987,3,43,International,FIFA World Cup,International - FIFA World Cup,106,2022,786,Serbia,male,G,203,Serbia,773,Switzerland,male,G,221,Switzerland,10,Group Stage,1001115,Stadium 974,185,Qatar,1121.0,Fernando Andrés Rapallini,11.0,Argentina,Dragan Stojković,Murat Yakin,5908,Dragan Stojković,,1965-03-03,203,Serbia,2832,Murat Yakin,,1974-09-15,221,Switzerland,1.1.0,2,2
3869151,2022-12-03,21:00:00.000,2,1,available,available,2023-10-15T16:39:52.237396,2023-10-15T17:09:05.163199,4,43,International,FIFA World Cup,International - FIFA World Cup,106,2022,779,Argentina,male,,11,Argentina,792,Australia,male,,14,Australia,33,Round of 16,1000793,Ahmad bin Ali Stadium,185,Qatar,367.0,Szymon Marciniak,182.0,Poland,Lionel Sebastián Scaloni,Graham James Arnold,5677,Lionel Sebastián Scaloni,,1978-05-16,11,Argentina,5696,Graham James Arnold,,1963-08-03,14,Australia,1.1.0,2,2
3857257,2022-11-30,15:00:00.000,1,0,available,available,2026-05-04T01:41:43.045239,2026-05-04T01:43:36.058958,3,43,International,FIFA World Cup,International - FIFA World Cup,106,2022,792,Australia,male,D,14,Australia,776,Denmark,male,D,61,Denmark,10,Group Stage,117897,Al Janoub Stadium   ,185,Qatar,2311.0,Mustapha Ghorbal,4.0,Algeria,Graham James Arnold,Kasper Hjulmand,5696,Graham James Arnold,,1963-08-03,14,Australia,255,Kasper Hjulmand,,1972-04-09,61,Denmark,1.1.0,2,2
3857258,2022-11-24,19:00:00.000,2,0,available,available,2026-05-03T15:37:32.723849,2026-05-03T15:40:04.875373,1,43,International,FIFA World Cup,International - FIFA World Cup,106,2022,781,Brazil,male,G,31,Brazil,786,Serbia,male,G,203,Serbia,10,Group Stage,1001114,Lusail Stadium,185,Qatar,741.0,Alireza Faghani,14.0,Australia,Adenor Leonardo Bacchi,Dragan Stojković,547,Adenor Leonardo Bacchi,Tite,1961-05-25,31,Brazil,5908,Dragan Stojković,,1965-03-03,203,Serbia,1.1.0,2,2
3857288,2022-11-26,10:00:00.000,0,1,available,available,2026-05-03T16:06:07.859490,2026-05-03T16:07:08.163738,2,43,International,FIFA World Cup,International - FIFA World Cup,106,2022,777,Tunisia,male,D,232,Tunisia,792,Australia,male,D,14,Australia,10,Group Stage,117897,Al Janoub Stadium   ,185,Qatar,225.0,Daniel Siebert,85.0,Germany,Jalel Kadri,Graham James Arnold,1001303,Jalel Kadri,,,232,Tunisia,5696,Graham James Arnold,,1963-08-03,14,Australia,1.1.0,2,2
3857267,2022-11-29,15:00:00.000,1,2,available,available,2026-05-04T01:48:57.914346,2026-05-04T01:53:40.309717,3,43,International,FIFA World Cup,International - FIFA World Cup,106,2022,3565,Ecuador,male,A,65,Ecuador,787,Senegal,male,A,202,Senegal,10,Group Stage,1000253,Sheikh Khalifa International Stadium,185,Qatar,76.0,Clément Turpin,78.0,France,Gustavo Julio Alfaro,Aliou Cissé,2881,Gustavo Julio Alfaro,Gustavo Alfaro,1962-08-14,11,Argentina,635,Aliou Cissé,,1976-03-24,202,Senegal,1.1.0,2,2
3857287,2022-11-24,13:00:00.000,0,0,available,available,2026-05-03T16:10:31.253448,2026-05-03T16:16:14.386741,1,43,International,FIFA World Cup,International - FIFA World Cup,106,2022,783,Uruguay,male,H,242,Uruguay,791,South Korea,male,H,121,Korea (South),10,Group Stage,94425,Education City Stadium ,185,Qatar,76.0,Clément Turpin,78.0,France,Diego Martín Alonso López,Paulo Jorge Gomes Bento,3633,Diego Martín Alonso López,Diego Alonso,1975-04-16,242,Uruguay,5688,Paulo Jorge Gomes Bento,Paulo Bento,1969-06-20,183,Portugal,1.1.0,2,2
3869486,2022-12-10,17:00:00.000,1,0,available,available,2024-02-06T16:35:57.395966,2024-02-06T16:39:05.200810,5,43,International,FIFA World Cup,International - FIFA World Cup,106,2022,788,Morocco,male,,154,Morocco,780,Portugal,male,,183,Portugal,11,Quarter-finals,1000838,Al Thumama Stadium,185,Qatar,1094.0,Facundo Tello Figueroa,11.0,Argentina,Hoalid Regragui,Fernando Manuel Fernandes da Costa Santos,1001086,Hoalid Regragui,,1975-09-23,154,Morocco,607,Fernando Manuel Fernandes da Costa Santos,Fernando Santos,1954-10-10,183,Portugal,1.1.0,2,2
3857260,2022-11-30,19:00:00.000,1,2,available,available,2026-05-03T16:10:45.589086,2026-05-03T16:16:42.459756,3,43,International,FIFA World Cup,International - FIFA World Cup,106,2022,799,Saudi Arabia,male,C,200,Saudi Arabia,794,Mexico,male,C,147,Mexico,10,Group Stage,1001114,Lusail Stadium,185,Qatar,1.0,Michael Oliver,68.0,England,Hervé Renard,Gerardo Daniel Martino,642,Hervé Renard,,1968-09-30,78,France,163,Gerardo Daniel Martino,Gerardo Martino,1962-11-20,11,Argentina,1.1.0,2,2
3857264,2022-11-30,19:00:00.000,0,2,available,available,2026-05-03T16:11:49.934680,2026-05-03T16:16:14.789834,3,43,International,FIFA World Cup,International - FIFA World Cup,106,2022,789,Poland,male,C,182,Poland,779,Argentina,male,C,11,Argentina,10,Group Stage,1001115,Stadium 974,185,Qatar,293.0,Danny Desmond Makkelie,160.0,Netherlands,Czesław Michniewicz,Lionel Sebastián Scaloni,5294,Czesław Michniewicz,,1970-02-12,182,Poland,5677,Lionel Sebastián Scaloni,,1978-05-16,11,Argentina,1.1.0,2,2
3857289,2022-11-26,19:00:00.000,2,0,available,available,2026-05-04T01:44:58.471722,2026-05-04T01:49:14.941205,2,43,International,FIFA World Cup,International - FIFA World Cup,106,2022,779,Argentina,male,C,11,Argentina,794,Mexico,male,C,147,Mexico,10,Group Stage,1001114,Lusail Stadium,185,Qatar,269.0,Daniele Orsato,112.0,Italy,Lionel Sebastián Scaloni,Gerardo Daniel Martino,5677,Lionel Sebastián Scaloni,,1978-05-16,11,Argentina,163,Gerardo Daniel Martino,Gerardo Martino,1962-11-20,11,Argentina,1.1.0,2,2
3869254,2022-12-06,21:00:00.000,6,1,available,available,2023-10-31T08:50:23.629502,2023-10-31T08:52:42.971689,4,43,International,FIFA World Cup,International - FIFA World Cup,106,2022,780,Portugal,male,,183,Portugal,773,Switzerland,male,,221,Switzerland,33,Round of 16,1001114,Lusail Stadium,185,Qatar,740.0,César Arturo Ramos Palazuelos,147.0,Mexico,Fernando Manuel Fernandes da Costa Santos,Murat Yakin,607,Fernando Manuel Fernandes da Costa Santos,Fernando Santos,1954-10-10,183,Portugal,2832,Murat Yakin,,1974-09-15,221,Switzerland,1.1.0,2,2
3869118,2022-12-04,21:00:00.000,3,0,available,available,2023-07-15T22:01:09.812380,2023-07-15T22:01:52.119586,4,43,International,FIFA World Cup,International - FIFA World Cup,106,2022,768,England,male,,68,England,787,Senegal,male,,202,Senegal,33,Round of 16,1001113,Al Bayt Stadium,185,Qatar,1834.0,Ivan Arcides Barton Cisneros,67.0,El Salvador,Gareth Southgate,Aliou Cissé,277,Gareth Southgate,,1970-09-03,68,England,635,Aliou Cissé,,1976-03-24,202,Senegal,1.1.0,2,2
3869519,2022-12-13,21:00:00.000,3,0,available,available,2023-04-19T06:53:52.197711,2023-04-26T22:32:37.808359,6,43,International,FIFA World Cup,International - FIFA World Cup,106,2022,779,Argentina,male,,11,Argentina,785,Croatia,male,,56,Croatia,15,Semi-finals,1001114,Lusail Stadium,185,Qatar,269.0,Daniele Orsato,112.0,Italy,Lionel Sebastián Scaloni,Zlatko Dalić,5677,Lionel Sebastián Scaloni,,1978-05-16,11,Argentina,307,Zlatko Dalić,,1966-10-26,56,Croatia,1.1.0,2,2
3869354,2022-12-10,21:00:00.000,1,2,available,available,2023-03-21T07:09:52.867230,2023-04-26T22:57:33.780657,5,43,International,FIFA World Cup,International - FIFA World Cup,106,2022,768,England,male,,68,England,771,France,male,,78,France,11,Quarter-finals,1001113,Al Bayt Stadium,185,Qatar,986.0,Wilton Pereira Sampaio,31.0,Brazil,Gareth Southgate,Didier Deschamps,277,Gareth Southgate,,1970-09-03,68,England,545,Didier Deschamps,,1968-10-15,78,France,1.1.0,2,2
3869552,2022-12-14,21:00:00.000,2,0,available,available,2024-02-06T16:36:46.784457,2024-02-06T16:45:42.775801,6,43,International,FIFA World Cup,International - FIFA World Cup,106,2022,771,France,male,,78,France,788,Morocco,male,,154,Morocco,15,Semi-finals,1001113,Al Bayt Stadium,185,Qatar,740.0,César Arturo Ramos Palazuelos,147.0,Mexico,Didier Deschamps,Hoalid Regragui,545,Didier Deschamps,,1968-10-15,78,France,1001086,Hoalid Regragui,,1975-09-23,154,Morocco,1.1.0,2,2
3869420,2022-12-09,17:00:00.000,1,1,available,available,2023-04-19T06:28:33.041249,2023-04-26T23:04:13.569501,5,43,International,FIFA World Cup,International - FIFA World Cup,106,2022,785,Croatia,male,,56,Croatia,781,Brazil,male,,31,Brazil,11,Quarter-finals,94425,Education City Stadium ,185,Qatar,1.0,Michael Oliver,68.0,England,Zlatko Dalić,Telê Santana da Silva,307,Zlatko Dalić,,1966-10-26,56,Croatia,4704,Telê Santana da Silva,Telê Santana,1931-07-26,31,Brazil,1.1.0,2,2
3869220,2022-12-06,17:00:00.000,0,0,available,available,2024-02-06T16:35:08.292898,2024-02-06T16:39:39.094800,4,43,International,FIFA World Cup,International - FIFA World Cup,106,2022,788,Morocco,male,,154,Morocco,772,Spain,male,,214,Spain,33,Round of 16,94425,Education City Stadium ,185,Qatar,1121.0,Fernando Andrés Rapallini,11.0,Argentina,Hoalid Regragui,Luis Enrique Martínez García,1001086,Hoalid Regragui,,1975-09-23,154,Morocco,793,Luis Enrique Martínez García,Luis Enrique,1970-05-08,214,Spain,1.1.0,2,2
3869219,2022-12-05,17:00:00.000,1,1,available,available,2023-03-18T12:56:12.567784,2023-06-21T16:56:21.929024,4,43,International,FIFA World Cup,International - FIFA World Cup,106,2022,778,Japan,male,,114,Japan,785,Croatia,male,,56,Croatia,33,Round of 16,117897,Al Janoub Stadium   ,185,Qatar,438.0,Ismail Elfath,241.0,United States of America,Hajime Moriyasu,Zlatko Dalić,5699,Hajime Moriyasu,,1968-08-23,114,Japan,307,Zlatko Dalić,,1966-10-26,56,Croatia,1.1.0,2,2
3869253,2022-12-05,21:00:00.000,4,1,available,available,2023-06-06T07:12:35.194539,2023-06-19T13:27:43.114201,4,43,International,FIFA World Cup,International - FIFA World Cup,106,2022,781,Brazil,male,,31,Brazil,791,South Korea,male,,121,Korea (South),33,Round of 16,1001115,Stadium 974,185,Qatar,76.0,Clément Turpin,78.0,France,Adenor Leonardo Bacchi,Paulo Jorge Gomes Bento,547,Adenor Leonardo Bacchi,Tite,1961-05-25,31,Brazil,5688,Paulo Jorge Gomes Bento,Paulo Bento,1969-06-20,183,Portugal,1.1.0,2,2
3869152,2022-12-04,17:00:00.000,3,1,available,available,2023-03-29T17:33:46.676666,2023-06-18T15:31:37.811846,4,43,International,FIFA World Cup,International - FIFA World Cup,106,2022,771,France,male,,78,France,789,Poland,male,,182,Poland,33,Round of 16,1000838,Al Thumama Stadium,185,Qatar,1847.0,Jesús Valenzuela Sáez,246.0,Venezuela (Bolivarian Republic),Didier Deschamps,Czesław Michniewicz,545,Didier Deschamps,,1968-10-15,78,France,5294,Czesław Michniewicz,,1970-02-12,182,Poland,1.1.0,2,2
3869117,2022-12-03,17:00:00.000,3,1,available,available,2023-03-19T06:42:53.735484,2023-04-26T23:37:58.786835,4,43,International,FIFA World Cup,International - FIFA World Cup,106,2022,941,Netherlands,male,,160,Netherlands,1839,United States,male,,241,United States of America,33,Round of 16,1000253,Sheikh Khalifa International Stadium,185,Qatar,986.0,Wilton Pereira Sampaio,31.0,Brazil,Louis van Gaal,Gregg Berhalter,788,Louis van Gaal,,1951-08-08,160,Netherlands,93,Gregg Berhalter,,1973-08-01,241,United States of America,1.1.0,2,2
3857270,2022-11-28,19:00:00.000,2,0,available,available,2026-05-03T16:08:58.928274,2026-05-03T16:12:46.065558,2,43,International,FIFA World Cup,International - FIFA World Cup,106,2022,780,Portugal,male,H,183,Portugal,783,Uruguay,male,H,242,Uruguay,10,Group Stage,1001114,Lusail Stadium,185,Qatar,741.0,Alireza Faghani,14.0,Australia,Fernando Manuel Fernandes da Costa Santos,Diego Martín Alonso López,607,Fernando Manuel Fernandes da Costa Santos,Fernando Santos,1954-10-10,183,Portugal,3633,Diego Martín Alonso López,Diego Alonso,1975-04-16,242,Uruguay,1.1.0,2,2
3857263,2022-11-27,19:00:00.000,1,1,available,available,2026-05-03T16:07:06.421378,2026-05-03T16:10:26.484913,2,43,International,FIFA World Cup,International - FIFA World Cup,106,2022,772,Spain,male,E,214,Spain,770,Germany,male,E,85,Germany,10,Group Stage,1001113,Al Bayt Stadium,185,Qatar,293.0,Danny Desmond Makkelie,160.0,Netherlands,Luis Enrique Martínez García,Hans-Dieter Flick,793,Luis Enrique Martínez García,Luis Enrique,1970-05-08,214,Spain,3371,Hans-Dieter Flick,,1965-02-24,85,Germany,1.1.0,2,2
3857259,2022-11-28,10:00:00.000,3,3,available,available,2026-05-03T15:40:54.036463,2026-05-03T15:42:45.260902,2,43,International,FIFA World Cup,International - FIFA World Cup,106,2022,2722,Cameroon,male,G,39,Cameroon,786,Serbia,male,G,203,Serbia,10,Group Stage,117897,Al Janoub Stadium   ,185,Qatar,737.0,Mohamed Abdulla Hassan Mohd,239.0,United Arab Emirates,Rigobert Song Bahanag,Dragan Stojković,1001250,Rigobert Song Bahanag,,1976-07-01,39,Cameroon,5908,Dragan Stojković,,1965-03-03,203,Serbia,1.1.0,2,2
3857283,2022-11-27,13:00:00.000,0,2,available,available,2026-05-03T15:38:39.723735,2026-05-03T15:40:42.835778,2,43,International,FIFA World Cup,International - FIFA World Cup,106,2022,782,Belgium,male,F,22,Belgium,788,Morocco,male,,154,Morocco,10,Group Stage,1000838,Al Thumama Stadium,185,Qatar,740.0,César Arturo Ramos Palazuelos,147.0,Mexico,Roberto Martínez Montoliú,Walid Regragui,263,Roberto Martínez Montoliú,Roberto Martínez,1973-07-13,214,Spain,1000518,Walid Regragui,,1975-09-23,154,Morocco,1.1.0,2,2
3857286,2022-11-20,16:00:00.000,0,2,available,available,2026-05-03T16:05:33.394676,2026-05-03T16:08:18.843212,1,43,International,FIFA World Cup,International - FIFA World Cup,106,2022,3566,Qatar,male,A,185,Qatar,3565,Ecuador,male,A,65,Ecuador,10,Group Stage,1001113,Al Bayt Stadium,185,Qatar,269.0,Daniele Orsato,112.0,Italy,Félix Sánchez Bas,Gustavo Julio Alfaro,5710,Félix Sánchez Bas,Félix Sánchez,1975-12-13,214,Spain,2881,Gustavo Julio Alfaro,Gustavo Alfaro,1962-08-14,11,Argentina,1.1.0,2,2
3857300,2022-11-22,10:00:00.000,1,2,available,available,2026-05-04T01:42:53.551210,2026-05-04T01:51:00.290088,1,43,International,FIFA World Cup,International - FIFA World Cup,106,2022,779,Argentina,male,C,11,Argentina,799,Saudi Arabia,male,C,200,Saudi Arabia,10,Group Stage,1001114,Lusail Stadium,185,Qatar,943.0,Slavko Vinčić,208.0,Slovenia,Lionel Sebastián Scaloni,Hervé Renard,5677,Lionel Sebastián Scaloni,,1978-05-16,11,Argentina,642,Hervé Renard,,1968-09-30,78,France,1.1.0,2,2
3857299,2022-11-28,13:00:00.000,2,3,available,available,2026-05-03T16:08:02.234658,2026-05-03T16:12:09.602169,2,43,International,FIFA World Cup,International - FIFA World Cup,106,2022,791,South Korea,male,H,121,Korea (South),4885,Ghana,male,H,86,Ghana,10,Group Stage,94425,Education City Stadium ,185,Qatar,8.0,Anthony Taylor,68.0,England,Paulo Jorge Gomes Bento,Otto Addo,5688,Paulo Jorge Gomes Bento,Paulo Bento,1969-06-20,183,Portugal,1001251,Otto Addo,,1975-06-09,86,Ghana,1.1.0,2,2
3857293,2022-12-02,15:00:00.000,0,2,available,available,2026-05-04T01:47:06.968111,2026-05-04T01:49:10.912090,3,43,International,FIFA World Cup,International - FIFA World Cup,106,2022,4885,Ghana,male,H,86,Ghana,783,Uruguay,male,H,242,Uruguay,10,Group Stage,117897,Al Janoub Stadium   ,185,Qatar,225.0,Daniel Siebert,85.0,Germany,Otto Addo,Diego Martín Alonso López,1001251,Otto Addo,,1975-06-09,86,Ghana,3633,Diego Martín Alonso López,Diego Alonso,1975-04-16,242,Uruguay,1.1.0,2,2
3857291,2022-11-23,16:00:00.000,7,0,available,available,2026-05-03T16:08:38.580488,2026-05-03T16:12:13.412295,1,43,International,FIFA World Cup,International - FIFA World Cup,106,2022,772,Spain,male,E,214,Spain,795,Costa Rica,male,E,54,Costa Rica,10,Group Stage,1000838,Al Thumama Stadium,185,Qatar,,,,,Luis Enrique Martínez García,Luis Fernando Suárez Guzman,793,Luis Enrique Martínez García,Luis Enrique,1970-05-08,214,Spain,3094,Luis Fernando Suárez Guzman,Luis Fernando Suárez,1959-12-23,49,Colombia,1.1.0,2,2
3857281,2022-11-27,16:00:00.000,4,1,available,available,2026-05-04T01:47:00.853566,2026-05-04T01:51:52.104873,2,43,International,FIFA World Cup,International - FIFA World Cup,106,2022,785,Croatia,male,F,56,Croatia,1833,Canada,male,F,40,Canada,10,Group Stage,1000253,Sheikh Khalifa International Stadium,185,Qatar,1814.0,Andrés Matonte,242.0,Uruguay,Zlatko Dalić,John Herdman,307,Zlatko Dalić,,1966-10-26,56,Croatia,4435,John Herdman,,1975-07-19,68,England,1.1.0,2,2
3857280,2022-12-02,19:00:00.000,1,0,available,available,2026-05-03T15:41:58.839286,2026-05-03T15:44:07.018244,3,43,International,FIFA World Cup,International - FIFA World Cup,106,2022,2722,Cameroon,male,G,39,Cameroon,781,Brazil,male,G,31,Brazil,10,Group Stage,1001114,Lusail Stadium,185,Qatar,438.0,Ismail Elfath,241.0,United States of America,Rigobert Song Bahanag,Adenor Leonardo Bacchi,1001250,Rigobert Song Bahanag,,1976-07-01,39,Cameroon,547,Adenor Leonardo Bacchi,Tite,1961-05-25,31,Brazil,1.1.0,2,2
3857279,2022-11-22,19:00:00.000,4,1,available,available,2026-05-04T01:44:53.405576,2026-05-04T01:50:33.615237,1,43,International,FIFA World Cup,International - FIFA World Cup,106,2022,771,France,male,D,78,France,792,Australia,male,D,14,Australia,10,Group Stage,117897,Al Janoub Stadium   ,185,Qatar,2366.0,Victor Miguel de Freitas Gomes,211.0,South Africa,Didier Deschamps,Graham James Arnold,545,Didier Deschamps,,1968-10-15,78,France,5696,Graham James Arnold,,1963-08-03,14,Australia,1.1.0,2,2
3857262,2022-12-02,15:00:00.000,2,1,available,available,2026-05-03T16:05:21.572751,2026-05-03T16:07:48.636747,3,43,International,FIFA World Cup,International - FIFA World Cup,106,2022,791,South Korea,male,H,121,Korea (South),780,Portugal,male,H,183,Portugal,10,Group Stage,94425,Education City Stadium ,185,Qatar,1094.0,Facundo Tello Figueroa,11.0,Argentina,Paulo Jorge Gomes Bento,Fernando Manuel Fernandes da Costa Santos,5688,Paulo Jorge Gomes Bento,Paulo Bento,1969-06-20,183,Portugal,607,Fernando Manuel Fernandes da Costa Santos,Fernando Santos,1954-10-10,183,Portugal,1.1.0,2,2
